Time (s),DIO 6,DIO 7
-10.235,0,1
-10.23,0,1
-10.225,0,1
-10.22,0,1
-10.215,0,1
-10.21,0,1
-10.205,0,1
-10.2,0,1
-10.195,0,1
-10.19,0,1
-10.185,0,1
-10.18,0,1
-10.175,0,1
-10.17,0,1
-10.165,0,1
-10.16,0,1
-10.155,0,1
-10.15,0,1
-10.145,0,1
-10.14,0,1
-10.135,0,1
-10.13,0,1
-10.125,0,1
-10.12,0,1
-10.115,0,1
-10.11,0,1
-10.105,0,1
-10.1,0,1
-10.095,0,1
-10.09,0,1
-10.085,0,1
-10.08,0,1
-10.075,0,1
-10.07,0,1
-10.065,0,1
-10.06,0,1
-10.055,0,1
-10.05,0,1
-10.045,0,1
-10.04,0,1
-10.035,0,1
-10.03,0,1
-10.025,0,1
-10.02,0,1
-10.015,0,1
-10.01,0,1
-10.005,0,1
-10,0,1
-9.994999999999999,0,1
-9.99,0,1
-9.984999999999999,0,1
-9.98,0,1
-9.975,0,1
-9.970000000000001,0,1
-9.965,0,1
-9.960000000000001,0,1
-9.955,0,1
-9.949999999999999,0,1
-9.945,0,1
-9.94,0,1
-9.935,0,1
-9.93,0,1
-9.925000000000001,0,1
-9.92,0,1
-9.914999999999999,0,1
-9.91,0,1
-9.904999999999999,0,1
-9.9,0,1
-9.895,0,1
-9.890000000000001,0,1
-9.885,0,1
-9.880000000000001,0,1
-9.875,0,1
-9.869999999999999,0,1
-9.865,0,1
-9.859999999999999,0,1
-9.855,0,1
-9.85,0,1
-9.845000000000001,0,1
-9.84,0,1
-9.835000000000001,0,1
-9.83,0,1
-9.824999999999999,0,1
-9.82,0,1
-9.815,0,1
-9.81,0,1
-9.805,0,1
-9.800000000000001,0,1
-9.795,0,1
-9.789999999999999,0,1
-9.785,0,1
-9.779999999999999,0,1
-9.775,0,1
-9.77,0,1
-9.765000000000001,0,1
-9.76,0,1
-9.755000000000001,0,1
-9.75,0,1
-9.744999999999999,0,1
-9.74,0,1
-9.734999999999999,0,1
-9.73,0,1
-9.725,0,1
-9.720000000000001,0,1
-9.715,0,1
-9.710000000000001,0,1
-9.705,0,1
-9.699999999999999,0,1
-9.695,0,1
-9.69,0,1
-9.685,0,1
-9.68,0,1
-9.675000000000001,0,1
-9.67,0,1
-9.664999999999999,0,1
-9.66,0,1
-9.654999999999999,0,1
-9.65,0,1
-9.645,0,1
-9.640000000000001,0,1
-9.635,0,1
-9.630000000000001,0,1
-9.625,0,1
-9.619999999999999,0,1
-9.615,0,1
-9.609999999999999,0,1
-9.605,0,1
-9.6,0,1
-9.595000000000001,0,1
-9.59,0,1
-9.585000000000001,0,1
-9.58,0,1
-9.574999999999999,0,1
-9.57,0,1
-9.565,0,1
-9.56,0,1
-9.555,0,1
-9.550000000000001,0,1
-9.545,0,1
-9.539999999999999,0,1
-9.535,0,1
-9.529999999999999,0,1
-9.525,0,1
-9.52,0,1
-9.515000000000001,0,1
-9.51,0,1
-9.505000000000001,0,1
-9.5,0,1
-9.494999999999999,0,1
-9.49,0,1
-9.484999999999999,0,1
-9.48,0,1
-9.475,0,1
-9.470000000000001,0,1
-9.465,0,1
-9.460000000000001,0,1
-9.455,0,1
-9.449999999999999,0,1
-9.445,0,1
-9.44,0,1
-9.435,0,1
-9.43,0,1
-9.425000000000001,0,1
-9.42,0,1
-9.414999999999999,0,1
-9.41,0,1
-9.404999999999999,0,1
-9.4,0,1
-9.395,0,1
-9.390000000000001,0,1
-9.385,0,1
-9.380000000000001,0,1
-9.375,0,1
-9.369999999999999,0,1
-9.365,0,1
-9.359999999999999,0,1
-9.355,0,1
-9.35,0,1
-9.345000000000001,0,1
-9.34,0,1
-9.335000000000001,0,1
-9.33,0,1
-9.324999999999999,0,1
-9.32,0,1
-9.315,0,1
-9.31,0,0
-9.305,0,0
-9.300000000000001,0,0
-9.295,1,0
-9.289999999999999,1,0
-9.285,1,0
-9.279999999999999,1,0
-9.275,1,0
-9.27,1,0
-9.265000000000001,1,0
-9.26,1,0
-9.255000000000001,1,0
-9.25,1,0
-9.244999999999999,1,0
-9.24,1,0
-9.234999999999999,1,0
-9.23,1,0
-9.225,1,0
-9.220000000000001,1,0
-9.215,1,0
-9.210000000000001,1,0
-9.205,1,0
-9.199999999999999,1,0
-9.195,1,0
-9.19,1,0
-9.185,1,0
-9.18,1,0
-9.175000000000001,1,0
-9.17,1,0
-9.164999999999999,1,0
-9.16,1,0
-9.154999999999999,1,0
-9.15,1,0
-9.145,1,0
-9.140000000000001,1,0
-9.135,1,0
-9.130000000000001,1,0
-9.125,1,0
-9.119999999999999,1,0
-9.115,1,0
-9.109999999999999,1,0
-9.105,1,0
-9.1,1,0
-9.095000000000001,1,0
-9.09,1,0
-9.085000000000001,1,0
-9.08,1,0
-9.074999999999999,1,0
-9.07,1,0
-9.065,1,0
-9.06,1,0
-9.055,1,0
-9.050000000000001,1,0
-9.045,1,0
-9.039999999999999,1,0
-9.035,1,0
-9.029999999999999,1,0
-9.025,1,0
-9.02,1,0
-9.015000000000001,1,0
-9.01,1,0
-9.005000000000001,1,0
-9,1,0
-8.994999999999999,1,0
-8.99,1,0
-8.984999999999999,1,0
-8.98,1,0
-8.975,1,0
-8.970000000000001,1,0
-8.965,1,0
-8.960000000000001,1,0
-8.955,1,0
-8.949999999999999,1,0
-8.945,1,0
-8.94,1,0
-8.935,1,0
-8.93,1,0
-8.925000000000001,1,0
-8.92,1,0
-8.914999999999999,1,0
-8.91,1,0
-8.904999999999999,1,0
-8.9,1,0
-8.895,1,0
-8.890000000000001,1,0
-8.885,1,0
-8.880000000000001,1,0
-8.875,1,0
-8.869999999999999,1,0
-8.865,1,0
-8.859999999999999,1,0
-8.855,1,0
-8.85,1,1
-8.845000000000001,1,1
-8.84,1,1
-8.835000000000001,1,1
-8.83,1,1
-8.824999999999999,1,1
-8.82,1,1
-8.815,1,1
-8.81,1,1
-8.805,1,1
-8.800000000000001,1,1
-8.795,1,1
-8.789999999999999,1,1
-8.785,1,1
-8.779999999999999,1,1
-8.775,1,1
-8.77,1,1
-8.765000000000001,1,1
-8.76,1,1
-8.755000000000001,1,1
-8.75,1,1
-8.744999999999999,1,1
-8.74,1,1
-8.734999999999999,1,1
-8.73,1,1
-8.725,1,1
-8.720000000000001,1,1
-8.715,1,1
-8.710000000000001,1,1
-8.705,1,1
-8.699999999999999,1,1
-8.695,1,1
-8.69,1,1
-8.685,1,1
-8.68,1,1
-8.675000000000001,1,1
-8.67,1,1
-8.664999999999999,1,1
-8.66,1,1
-8.654999999999999,1,1
-8.65,1,1
-8.645,1,1
-8.640000000000001,1,1
-8.635,1,1
-8.630000000000001,1,1
-8.625,1,1
-8.619999999999999,1,1
-8.615,1,1
-8.609999999999999,1,1
-8.605,1,1
-8.6,1,1
-8.595000000000001,1,1
-8.59,1,1
-8.585000000000001,1,1
-8.58,1,1
-8.574999999999999,1,1
-8.57,1,1
-8.565,1,1
-8.56,1,1
-8.555,1,1
-8.550000000000001,1,1
-8.545,1,1
-8.539999999999999,1,1
-8.535,1,1
-8.529999999999999,1,1
-8.525,1,1
-8.52,1,1
-8.515000000000001,1,1
-8.51,1,1
-8.505000000000001,1,1
-8.5,1,1
-8.494999999999999,1,1
-8.49,1,1
-8.484999999999999,1,1
-8.48,1,1
-8.475,1,1
-8.470000000000001,1,1
-8.465,1,1
-8.460000000000001,1,1
-8.455,1,1
-8.449999999999999,1,1
-8.445,1,1
-8.44,1,1
-8.435,1,1
-8.43,1,1
-8.425000000000001,1,1
-8.42,1,1
-8.414999999999999,1,1
-8.41,1,1
-8.404999999999999,1,1
-8.4,1,1
-8.395,1,1
-8.390000000000001,1,1
-8.385,1,1
-8.380000000000001,1,1
-8.375,1,1
-8.369999999999999,1,1
-8.365,1,1
-8.359999999999999,1,1
-8.355,1,1
-8.35,1,1
-8.345000000000001,1,1
-8.34,1,1
-8.335000000000001,1,1
-8.33,1,1
-8.324999999999999,1,1
-8.32,1,1
-8.315,1,1
-8.31,1,1
-8.305,1,1
-8.300000000000001,1,1
-8.295,1,1
-8.289999999999999,1,1
-8.285,1,1
-8.279999999999999,1,1
-8.275,1,1
-8.27,1,1
-8.265000000000001,1,1
-8.26,1,1
-8.255000000000001,1,1
-8.25,1,1
-8.244999999999999,1,1
-8.24,1,1
-8.234999999999999,1,1
-8.23,1,1
-8.225,1,1
-8.220000000000001,1,1
-8.215,1,1
-8.210000000000001,1,1
-8.205,1,1
-8.199999999999999,1,1
-8.195,1,1
-8.19,1,1
-8.185,1,1
-8.18,1,1
-8.175000000000001,1,1
-8.17,1,1
-8.164999999999999,1,1
-8.16,1,1
-8.154999999999999,1,1
-8.15,1,1
-8.145,1,1
-8.140000000000001,1,1
-8.135,1,1
-8.130000000000001,1,1
-8.125,1,1
-8.119999999999999,1,1
-8.115,1,1
-8.109999999999999,1,1
-8.105,1,1
-8.1,1,1
-8.095000000000001,1,1
-8.09,1,1
-8.085000000000001,1,1
-8.08,1,1
-8.074999999999999,1,1
-8.07,1,1
-8.065,1,1
-8.06,1,1
-8.055,1,1
-8.050000000000001,1,1
-8.045,1,1
-8.039999999999999,1,1
-8.035,1,1
-8.029999999999999,1,1
-8.025,1,1
-8.02,1,1
-8.015000000000001,1,1
-8.01,1,1
-8.005000000000001,1,1
-8,1,1
-7.995,1,1
-7.99,1,1
-7.985,1,1
-7.98,1,1
-7.975,1,1
-7.97,1,1
-7.965,1,1
-7.96,1,1
-7.955,1,1
-7.95,1,1
-7.945,1,1
-7.94,1,1
-7.935,1,1
-7.93,1,1
-7.925,1,1
-7.92,1,1
-7.915,1,1
-7.91,1,1
-7.905,1,1
-7.9,1,1
-7.895,1,1
-7.89,1,1
-7.885,1,1
-7.88,1,1
-7.875,1,1
-7.87,1,1
-7.865,1,1
-7.86,1,1
-7.855,1,1
-7.85,1,1
-7.845,1,1
-7.84,1,1
-7.835,1,1
-7.83,1,1
-7.825,1,1
-7.82,1,1
-7.815,1,1
-7.81,1,1
-7.805,1,1
-7.8,1,1
-7.795,1,1
-7.79,1,1
-7.785,1,1
-7.78,1,1
-7.775,1,1
-7.77,1,1
-7.765,1,1
-7.76,1,1
-7.755,1,1
-7.75,1,1
-7.745,1,1
-7.74,1,1
-7.735,1,1
-7.73,1,1
-7.725,1,1
-7.72,1,1
-7.715,1,1
-7.71,1,1
-7.705,1,1
-7.7,1,1
-7.695,1,1
-7.69,1,1
-7.685,1,1
-7.68,1,1
-7.675,1,1
-7.67,1,1
-7.665,1,1
-7.66,1,1
-7.655,1,1
-7.65,1,1
-7.645,1,1
-7.64,1,1
-7.635,1,1
-7.63,1,1
-7.625,1,1
-7.62,1,1
-7.615,1,1
-7.61,1,1
-7.605,1,1
-7.6,1,1
-7.595,1,1
-7.59,1,1
-7.585,1,1
-7.58,1,1
-7.575,1,1
-7.57,1,1
-7.565,1,1
-7.56,1,1
-7.555,1,1
-7.55,1,1
-7.545,1,1
-7.54,1,1
-7.535,1,1
-7.53,1,1
-7.525,1,1
-7.52,1,1
-7.515,1,0
-7.51,1,0
-7.505,1,0
-7.5,1,0
-7.495,1,0
-7.49,1,0
-7.485,1,0
-7.48,1,0
-7.475,1,0
-7.47,1,0
-7.465,1,0
-7.46,1,0
-7.455,1,0
-7.45,1,0
-7.445,1,0
-7.44,1,0
-7.435,1,0
-7.43,1,0
-7.425,1,0
-7.42,1,0
-7.415,1,0
-7.41,1,0
-7.405,1,0
-7.4,1,0
-7.395,1,0
-7.39,1,0
-7.385,1,0
-7.38,1,0
-7.375,1,0
-7.37,1,0
-7.365,1,0
-7.36,1,0
-7.355,1,0
-7.35,1,0
-7.345,1,0
-7.34,1,0
-7.335,1,0
-7.33,1,0
-7.325,1,0
-7.32,1,0
-7.315,1,0
-7.31,1,0
-7.305,1,0
-7.3,1,0
-7.295,1,0
-7.29,1,0
-7.285,1,0
-7.28,1,0
-7.275,1,0
-7.27,1,0
-7.265,1,0
-7.26,1,0
-7.255,1,0
-7.25,1,0
-7.245,1,0
-7.24,1,0
-7.235,1,0
-7.23,1,0
-7.225,1,0
-7.22,1,0
-7.215,1,0
-7.21,1,0
-7.205,1,0
-7.2,1,0
-7.195,1,0
-7.19,1,0
-7.185,1,0
-7.18,1,0
-7.175,1,0
-7.17,1,0
-7.165,1,0
-7.16,1,0
-7.155,1,0
-7.15,1,0
-7.145,1,0
-7.14,1,0
-7.135,1,0
-7.13,1,0
-7.125,1,0
-7.12,1,0
-7.115,1,0
-7.11,1,0
-7.105,1,0
-7.1,1,0
-7.095,1,0
-7.09,1,0
-7.085,1,0
-7.08,1,0
-7.075,1,0
-7.07,1,0
-7.065,1,0
-7.06,1,0
-7.055,1,0
-7.05,1,0
-7.045,1,0
-7.04,1,0
-7.035,1,0
-7.03,1,0
-7.025,1,0
-7.02,1,0
-7.015,1,0
-7.01,1,0
-7.005,1,0
-7,1,0
-6.995,1,0
-6.99,1,0
-6.985,1,0
-6.98,1,0
-6.975,1,0
-6.97,1,0
-6.965,1,0
-6.96,1,0
-6.955,1,0
-6.95,1,0
-6.945,1,0
-6.94,1,0
-6.935,1,0
-6.93,1,0
-6.925,1,0
-6.92,1,0
-6.915,1,0
-6.91,1,0
-6.905,1,0
-6.9,1,0
-6.895,1,0
-6.89,1,0
-6.885,1,0
-6.88,1,0
-6.875,1,0
-6.87,1,0
-6.865,1,0
-6.86,1,0
-6.855,1,0
-6.85,1,0
-6.845,1,0
-6.84,1,0
-6.835,1,0
-6.83,1,0
-6.825,1,0
-6.82,1,0
-6.815,1,0
-6.81,1,0
-6.805,1,0
-6.8,1,0
-6.795,1,0
-6.79,1,0
-6.785,1,0
-6.78,1,0
-6.775,1,0
-6.77,1,0
-6.765,1,0
-6.76,1,0
-6.755,1,0
-6.75,1,0
-6.745,1,0
-6.74,1,0
-6.735,1,0
-6.73,1,0
-6.725,1,0
-6.72,1,0
-6.715,1,0
-6.71,1,0
-6.705,1,0
-6.7,1,0
-6.695,1,0
-6.69,1,0
-6.685,1,0
-6.68,1,0
-6.675,1,0
-6.67,1,0
-6.665,1,0
-6.66,1,0
-6.655,1,0
-6.65,1,0
-6.645,1,0
-6.64,1,0
-6.635,1,0
-6.63,1,0
-6.625,1,0
-6.62,1,0
-6.615,1,0
-6.61,1,0
-6.605,1,0
-6.6,1,0
-6.595,1,0
-6.59,1,0
-6.585,1,0
-6.58,1,0
-6.575,1,0
-6.57,1,0
-6.565,1,0
-6.56,1,0
-6.555,1,0
-6.55,1,0
-6.545,1,0
-6.54,1,0
-6.535,1,0
-6.53,1,0
-6.525,1,0
-6.52,1,0
-6.515,1,0
-6.51,1,0
-6.505,1,0
-6.5,1,0
-6.495,1,0
-6.49,1,0
-6.485,1,0
-6.48,1,0
-6.475,1,0
-6.47,1,0
-6.465,1,0
-6.46,1,0
-6.455,1,0
-6.45,1,0
-6.445,1,0
-6.44,1,0
-6.435,1,0
-6.43,1,0
-6.425,1,0
-6.42,1,0
-6.415,1,0
-6.41,1,0
-6.405,1,0
-6.4,1,0
-6.395,1,0
-6.39,1,0
-6.385,1,0
-6.38,1,0
-6.375,1,0
-6.37,1,0
-6.365,1,0
-6.36,1,0
-6.355,1,0
-6.35,1,0
-6.345,1,0
-6.34,1,0
-6.335,1,0
-6.33,1,0
-6.325,1,0
-6.32,1,0
-6.315,1,0
-6.31,1,0
-6.305,1,0
-6.3,1,0
-6.295,1,0
-6.29,1,0
-6.285,1,0
-6.28,1,0
-6.275,1,0
-6.27,1,0
-6.265,1,0
-6.26,1,0
-6.255,1,0
-6.25,1,0
-6.245,1,0
-6.24,1,0
-6.235,1,0
-6.23,1,0
-6.225,1,0
-6.22,1,0
-6.215,1,0
-6.21,1,0
-6.205,1,0
-6.2,1,0
-6.195,1,0
-6.19,1,0
-6.185,1,0
-6.18,1,1
-6.175,1,1
-6.17,1,1
-6.165,1,1
-6.16,1,1
-6.155,1,1
-6.15,1,1
-6.145,1,1
-6.14,1,1
-6.135,1,1
-6.13,1,1
-6.125,1,1
-6.12,1,1
-6.115,1,1
-6.11,1,1
-6.105,1,1
-6.1,1,1
-6.095,1,1
-6.09,1,1
-6.085,1,1
-6.08,1,1
-6.075,1,1
-6.07,1,1
-6.065,1,1
-6.06,1,1
-6.055,1,1
-6.05,1,1
-6.045,1,1
-6.04,1,1
-6.035,1,1
-6.03,1,1
-6.025,1,1
-6.02,1,1
-6.015,1,1
-6.01,1,1
-6.005,1,1
-6,1,1
-5.995,1,1
-5.99,1,1
-5.985,1,1
-5.98,1,1
-5.975,1,1
-5.97,1,1
-5.965,1,1
-5.96,1,1
-5.955,1,1
-5.95,1,1
-5.945,1,1
-5.94,1,1
-5.935,1,1
-5.93,1,1
-5.925,1,1
-5.92,1,1
-5.915,1,1
-5.91,1,1
-5.905,1,1
-5.9,1,1
-5.895,1,1
-5.89,1,1
-5.885,1,1
-5.88,1,1
-5.875,1,1
-5.87,1,1
-5.865,1,1
-5.86,1,1
-5.855,1,1
-5.85,1,1
-5.845,1,1
-5.84,1,1
-5.835,1,1
-5.83,1,1
-5.825,1,1
-5.82,1,1
-5.815,1,1
-5.81,1,1
-5.805,1,1
-5.8,1,1
-5.795,1,1
-5.79,1,1
-5.785,1,1
-5.78,1,1
-5.775,1,1
-5.77,1,1
-5.765,1,1
-5.76,1,1
-5.755,1,1
-5.75,1,1
-5.745,1,1
-5.74,1,1
-5.735,1,1
-5.73,1,0
-5.725,1,0
-5.72,1,0
-5.715,1,0
-5.71,1,0
-5.705,1,0
-5.7,1,0
-5.695,1,0
-5.69,1,0
-5.685,1,0
-5.68,1,0
-5.675,1,0
-5.67,1,0
-5.665,1,0
-5.66,1,0
-5.655,1,0
-5.65,1,0
-5.645,1,0
-5.64,1,0
-5.635,1,0
-5.63,1,0
-5.625,1,0
-5.62,1,0
-5.615,1,0
-5.61,1,0
-5.605,1,0
-5.6,1,0
-5.595,1,0
-5.59,1,0
-5.585,1,0
-5.58,1,0
-5.575,1,0
-5.57,1,0
-5.565,1,0
-5.56,1,0
-5.555,1,0
-5.55,1,0
-5.545,1,0
-5.54,1,0
-5.535,1,0
-5.53,1,0
-5.525,1,0
-5.52,1,0
-5.515,1,0
-5.51,1,0
-5.505,1,0
-5.5,1,0
-5.495,1,0
-5.49,1,0
-5.485,1,0
-5.48,1,0
-5.475,1,0
-5.47,1,0
-5.465,1,0
-5.46,1,0
-5.455,1,0
-5.45,1,0
-5.445,1,0
-5.44,1,0
-5.435,1,0
-5.43,1,0
-5.425,1,0
-5.42,1,0
-5.415,1,0
-5.41,1,0
-5.405,1,0
-5.4,1,0
-5.395,1,0
-5.39,1,0
-5.385,1,0
-5.38,1,0
-5.375,1,0
-5.37,1,0
-5.365,1,0
-5.36,1,0
-5.355,1,0
-5.35,1,0
-5.345,1,0
-5.34,1,0
-5.335,1,0
-5.33,1,0
-5.325,1,0
-5.32,1,0
-5.315,1,0
-5.31,1,0
-5.305,1,0
-5.3,1,0
-5.295,1,0
-5.29,1,1
-5.285,1,1
-5.28,1,1
-5.275,1,1
-5.27,1,1
-5.265,1,1
-5.26,1,1
-5.255,1,1
-5.25,1,1
-5.245,1,1
-5.24,1,1
-5.235,1,1
-5.23,1,1
-5.225,1,1
-5.22,1,1
-5.215,1,1
-5.21,1,1
-5.205,1,1
-5.2,1,1
-5.195,1,1
-5.19,1,1
-5.185,1,1
-5.18,1,1
-5.175,1,1
-5.17,1,1
-5.165,1,1
-5.16,1,1
-5.155,1,1
-5.15,1,1
-5.145,1,1
-5.14,1,1
-5.135,1,1
-5.13,1,1
-5.125,1,1
-5.12,1,1
-5.115,1,1
-5.11,1,1
-5.105,1,1
-5.1,1,1
-5.095,1,1
-5.09,1,1
-5.085,1,1
-5.08,1,1
-5.075,1,1
-5.07,1,1
-5.065,1,1
-5.06,1,1
-5.055,1,1
-5.05,1,1
-5.045,1,1
-5.04,1,1
-5.035,1,1
-5.03,1,1
-5.025,1,1
-5.02,1,1
-5.015,1,1
-5.01,1,1
-5.005,1,1
-5,1,1
-4.995,1,1
-4.99,1,1
-4.985,1,1
-4.98,1,1
-4.975,1,1
-4.97,1,1
-4.965,1,1
-4.96,1,1
-4.955,1,1
-4.95,1,1
-4.945,1,1
-4.94,1,1
-4.935,1,1
-4.93,1,1
-4.925,1,1
-4.92,1,1
-4.915,1,1
-4.91,1,1
-4.905,1,1
-4.9,1,1
-4.895,1,1
-4.89,1,1
-4.885,1,1
-4.88,1,1
-4.875,1,1
-4.87,1,1
-4.865,1,1
-4.86,1,1
-4.855,1,1
-4.85,1,1
-4.845,1,1
-4.84,1,1
-4.835,1,1
-4.83,1,1
-4.825,1,1
-4.82,1,1
-4.815,1,1
-4.81,1,1
-4.805,1,1
-4.8,1,1
-4.795,1,1
-4.79,1,1
-4.785,1,1
-4.78,1,1
-4.775,1,1
-4.77,1,1
-4.765,1,1
-4.76,1,1
-4.755,1,1
-4.75,1,1
-4.745,1,1
-4.74,1,1
-4.735,1,1
-4.73,1,1
-4.725,1,1
-4.72,1,1
-4.715,1,1
-4.71,1,1
-4.705,1,1
-4.7,1,1
-4.695,1,1
-4.69,1,1
-4.685,1,1
-4.68,1,1
-4.675,1,1
-4.67,1,1
-4.665,1,1
-4.66,1,1
-4.655,1,1
-4.65,1,1
-4.645,1,1
-4.64,1,1
-4.635,1,1
-4.63,1,1
-4.625,1,1
-4.62,1,1
-4.615,1,1
-4.61,1,1
-4.605,1,1
-4.6,1,1
-4.595,1,1
-4.59,1,1
-4.585,1,1
-4.58,1,1
-4.575,1,1
-4.57,1,1
-4.565,1,1
-4.56,1,1
-4.555,1,1
-4.55,1,1
-4.545,1,1
-4.54,1,1
-4.535,1,1
-4.53,1,1
-4.525,1,1
-4.52,1,1
-4.515,1,1
-4.51,1,1
-4.505,1,1
-4.5,1,1
-4.495,1,1
-4.49,1,1
-4.485,1,1
-4.48,1,1
-4.475,1,1
-4.47,1,1
-4.465,1,1
-4.46,1,1
-4.455,1,1
-4.45,1,1
-4.445,1,1
-4.44,1,1
-4.435,1,1
-4.43,1,1
-4.425,1,1
-4.42,1,1
-4.415,1,1
-4.41,1,1
-4.405,1,1
-4.4,1,1
-4.395,1,1
-4.39,1,1
-4.385,1,1
-4.38,1,1
-4.375,1,1
-4.37,1,1
-4.365,1,1
-4.36,1,1
-4.355,1,1
-4.35,1,1
-4.345,1,1
-4.34,1,1
-4.335,1,1
-4.33,1,1
-4.325,1,1
-4.32,1,1
-4.315,1,1
-4.31,1,1
-4.305,1,1
-4.3,1,1
-4.295,1,1
-4.29,1,1
-4.285,1,1
-4.28,1,1
-4.275,1,1
-4.27,1,1
-4.265,1,1
-4.26,1,1
-4.255,1,1
-4.25,1,1
-4.245,1,1
-4.24,1,1
-4.235,1,1
-4.23,1,1
-4.225,1,1
-4.22,1,1
-4.215,1,1
-4.21,1,1
-4.205,1,1
-4.2,1,1
-4.195,1,1
-4.19,1,1
-4.185,1,1
-4.18,1,1
-4.175,1,1
-4.17,1,1
-4.165,1,1
-4.16,1,1
-4.155,1,1
-4.15,1,1
-4.145,1,1
-4.14,1,1
-4.135,1,1
-4.13,1,1
-4.125,1,1
-4.12,1,1
-4.115,1,1
-4.11,1,1
-4.105,1,1
-4.1,1,1
-4.095,1,1
-4.09,1,1
-4.085,1,1
-4.08,1,1
-4.075,1,1
-4.07,1,1
-4.065,1,1
-4.06,1,1
-4.055,1,1
-4.05,1,1
-4.045,1,1
-4.04,1,1
-4.035,1,1
-4.03,1,1
-4.025,1,1
-4.02,1,1
-4.015,1,1
-4.01,1,1
-4.005,1,1
-4,1,1
-3.995,1,1
-3.99,1,1
-3.985,1,1
-3.98,1,1
-3.975,1,1
-3.97,1,1
-3.965,1,1
-3.96,1,1
-3.955,1,0
-3.95,1,0
-3.945,1,0
-3.94,1,0
-3.935,1,0
-3.93,1,0
-3.925,1,0
-3.92,1,0
-3.915,1,0
-3.91,1,0
-3.905,1,0
-3.9,1,0
-3.895,1,0
-3.89,1,0
-3.885,1,0
-3.88,1,0
-3.875,1,0
-3.87,1,0
-3.865,1,0
-3.86,1,0
-3.855,1,0
-3.85,1,0
-3.845,1,0
-3.84,1,0
-3.835,1,0
-3.83,1,0
-3.825,1,0
-3.82,1,0
-3.815,1,0
-3.81,1,0
-3.805,1,0
-3.8,1,0
-3.795,1,0
-3.79,1,0
-3.785,1,0
-3.78,1,0
-3.775,1,0
-3.77,1,0
-3.765,1,0
-3.76,1,0
-3.755,1,0
-3.75,1,0
-3.745,1,0
-3.74,1,0
-3.735,1,0
-3.73,1,0
-3.725,1,0
-3.72,1,0
-3.715,1,0
-3.71,1,0
-3.705,1,0
-3.7,1,0
-3.695,1,0
-3.69,1,0
-3.685,1,0
-3.68,1,0
-3.675,1,0
-3.67,1,0
-3.665,1,0
-3.66,1,0
-3.655,1,0
-3.65,1,0
-3.645,1,0
-3.64,1,0
-3.635,1,0
-3.63,1,0
-3.625,1,0
-3.62,1,0
-3.615,1,0
-3.61,1,0
-3.605,1,0
-3.6,1,0
-3.595,1,0
-3.59,1,0
-3.585,1,0
-3.58,1,0
-3.575,1,0
-3.57,1,0
-3.565,1,0
-3.56,1,0
-3.555,1,0
-3.55,1,0
-3.545,1,0
-3.54,1,0
-3.535,1,0
-3.53,1,0
-3.525,1,0
-3.52,1,0
-3.515,1,0
-3.51,1,0
-3.505,1,0
-3.5,1,0
-3.495,1,0
-3.49,1,0
-3.485,1,0
-3.48,1,0
-3.475,1,0
-3.47,1,0
-3.465,1,0
-3.46,1,0
-3.455,1,0
-3.45,1,0
-3.445,1,0
-3.44,1,0
-3.435,1,0
-3.43,1,0
-3.425,1,0
-3.42,1,0
-3.415,1,0
-3.41,1,0
-3.405,1,0
-3.4,1,0
-3.395,1,0
-3.39,1,0
-3.385,1,0
-3.38,1,0
-3.375,1,0
-3.37,1,0
-3.365,1,0
-3.36,1,0
-3.355,1,0
-3.35,1,0
-3.345,1,0
-3.34,1,0
-3.335,1,0
-3.33,1,0
-3.325,1,0
-3.32,1,0
-3.315,1,0
-3.31,1,0
-3.305,1,0
-3.3,1,0
-3.295,1,0
-3.29,1,0
-3.285,1,0
-3.28,1,0
-3.275,1,0
-3.27,1,0
-3.265,1,0
-3.26,1,0
-3.255,1,0
-3.25,1,0
-3.245,1,0
-3.24,1,0
-3.235,1,0
-3.23,1,0
-3.225,1,0
-3.22,1,0
-3.215,1,0
-3.21,1,0
-3.205,1,0
-3.2,1,0
-3.195,1,0
-3.19,1,0
-3.185,1,0
-3.18,1,0
-3.175,1,0
-3.17,1,0
-3.165,1,0
-3.16,1,0
-3.155,1,0
-3.15,1,0
-3.145,1,0
-3.14,1,0
-3.135,1,0
-3.13,1,0
-3.125,1,0
-3.12,1,0
-3.115,1,0
-3.11,1,0
-3.105,1,0
-3.1,1,0
-3.095,1,0
-3.09,1,0
-3.085,1,0
-3.08,1,0
-3.075,1,0
-3.07,1,0
-3.065,1,0
-3.06,1,0
-3.055,1,0
-3.05,1,0
-3.045,1,0
-3.04,1,0
-3.035,1,0
-3.03,1,0
-3.025,1,0
-3.02,1,0
-3.015,1,0
-3.01,1,0
-3.005,1,0
-3,1,0
-2.995,1,0
-2.99,1,0
-2.985,1,0
-2.98,1,0
-2.975,1,0
-2.97,1,0
-2.965,1,0
-2.96,1,0
-2.955,1,0
-2.95,1,0
-2.945,1,0
-2.94,1,0
-2.935,1,0
-2.93,1,0
-2.925,1,0
-2.92,1,0
-2.915,1,0
-2.91,1,0
-2.905,1,0
-2.9,1,0
-2.895,1,0
-2.89,1,0
-2.885,1,0
-2.88,1,0
-2.875,1,0
-2.87,1,0
-2.865,1,0
-2.86,1,0
-2.855,1,0
-2.85,1,0
-2.845,1,0
-2.84,1,0
-2.835,1,0
-2.83,1,0
-2.825,1,0
-2.82,1,0
-2.815,1,0
-2.81,1,0
-2.805,1,0
-2.8,1,0
-2.795,1,0
-2.79,1,0
-2.785,1,0
-2.78,1,0
-2.775,1,0
-2.77,1,0
-2.765,1,0
-2.76,1,0
-2.755,1,0
-2.75,1,0
-2.745,1,0
-2.74,1,0
-2.735,1,0
-2.73,1,0
-2.725,1,0
-2.72,1,0
-2.715,1,0
-2.71,1,0
-2.705,1,0
-2.7,1,0
-2.695,1,0
-2.69,1,0
-2.685,1,0
-2.68,1,0
-2.675,1,0
-2.67,1,0
-2.665,1,0
-2.66,1,0
-2.655,1,0
-2.65,1,0
-2.645,1,0
-2.64,1,0
-2.635,1,0
-2.63,1,0
-2.625,1,0
-2.62,1,1
-2.615,1,1
-2.61,1,1
-2.605,1,1
-2.6,1,1
-2.595,1,1
-2.59,1,1
-2.585,1,1
-2.58,1,1
-2.575,1,1
-2.57,1,1
-2.565,1,1
-2.56,1,1
-2.555,1,1
-2.55,1,1
-2.545,1,1
-2.54,1,1
-2.535,1,1
-2.53,1,1
-2.525,1,1
-2.52,1,1
-2.515,1,1
-2.51,1,1
-2.505,1,1
-2.5,1,1
-2.495,1,1
-2.49,1,1
-2.485,1,1
-2.48,1,1
-2.475,1,1
-2.47,1,1
-2.465,1,1
-2.46,1,1
-2.455,1,1
-2.45,1,1
-2.445,1,1
-2.44,1,1
-2.435,1,1
-2.43,1,1
-2.425,1,1
-2.42,1,1
-2.415,1,1
-2.41,1,1
-2.405,1,1
-2.4,1,1
-2.395,1,1
-2.39,1,1
-2.385,1,1
-2.38,1,1
-2.375,1,1
-2.37,1,1
-2.365,1,1
-2.36,1,1
-2.355,1,1
-2.35,1,1
-2.345,1,1
-2.34,1,1
-2.335,1,1
-2.33,1,1
-2.325,1,1
-2.32,1,1
-2.315,1,1
-2.31,1,1
-2.305,1,1
-2.3,1,1
-2.295,1,1
-2.29,1,1
-2.285,1,1
-2.28,1,1
-2.275,1,1
-2.27,1,1
-2.265,1,1
-2.26,1,1
-2.255,1,1
-2.25,1,1
-2.245,1,1
-2.24,1,1
-2.235,1,1
-2.23,1,1
-2.225,1,1
-2.22,1,1
-2.215,1,1
-2.21,1,1
-2.205,1,1
-2.2,1,1
-2.195,1,1
-2.19,1,1
-2.185,1,1
-2.18,1,1
-2.175,1,0
-2.17,1,0
-2.165,1,0
-2.16,1,0
-2.155,1,0
-2.15,1,0
-2.145,1,0
-2.14,1,0
-2.135,1,0
-2.13,1,0
-2.125,1,0
-2.12,1,0
-2.115,1,0
-2.11,1,0
-2.105,1,0
-2.1,1,0
-2.095,1,0
-2.09,1,0
-2.085,1,0
-2.08,1,0
-2.075,1,0
-2.07,1,0
-2.065,1,0
-2.06,1,0
-2.055,1,0
-2.05,1,0
-2.045,1,0
-2.04,1,0
-2.035,1,0
-2.03,1,0
-2.025,1,0
-2.02,1,0
-2.015,1,0
-2.01,1,0
-2.005,1,0
-2,1,0
-1.995,1,0
-1.99,1,0
-1.985,1,0
-1.98,1,0
-1.975,1,0
-1.97,1,0
-1.965,1,0
-1.96,1,0
-1.955,1,0
-1.95,1,0
-1.945,1,0
-1.94,1,0
-1.935,1,0
-1.93,1,0
-1.925,1,0
-1.92,1,0
-1.915,1,0
-1.91,1,0
-1.905,1,0
-1.9,1,0
-1.895,1,0
-1.89,1,0
-1.885,1,0
-1.88,1,0
-1.875,1,0
-1.87,1,0
-1.865,1,0
-1.86,1,0
-1.855,1,0
-1.85,1,0
-1.845,1,0
-1.84,1,0
-1.835,1,0
-1.83,1,0
-1.825,1,0
-1.82,1,0
-1.815,1,0
-1.81,1,0
-1.805,1,0
-1.8,1,0
-1.795,1,0
-1.79,1,0
-1.785,1,0
-1.78,1,0
-1.775,1,0
-1.77,1,0
-1.765,1,0
-1.76,1,0
-1.755,1,0
-1.75,1,0
-1.745,1,0
-1.74,1,0
-1.735,1,1
-1.73,1,1
-1.725,1,1
-1.72,1,1
-1.715,1,1
-1.71,1,1
-1.705,1,1
-1.7,1,1
-1.695,1,1
-1.69,1,1
-1.685,1,1
-1.68,1,1
-1.675,1,1
-1.67,1,1
-1.665,1,1
-1.66,1,1
-1.655,1,1
-1.65,1,1
-1.645,1,1
-1.64,1,1
-1.635,1,1
-1.63,1,1
-1.625,1,1
-1.62,1,1
-1.615,1,1
-1.61,1,1
-1.605,1,1
-1.6,1,1
-1.595,1,1
-1.59,1,1
-1.585,1,1
-1.58,1,1
-1.575,1,1
-1.57,1,1
-1.565,1,1
-1.56,1,1
-1.555,1,1
-1.55,1,1
-1.545,1,1
-1.54,1,1
-1.535,1,1
-1.53,1,1
-1.525,1,1
-1.52,1,1
-1.515,1,1
-1.51,1,1
-1.505,1,1
-1.5,1,1
-1.495,1,1
-1.49,1,1
-1.485,1,1
-1.48,1,1
-1.475,1,1
-1.47,1,1
-1.465,1,1
-1.46,1,1
-1.455,1,1
-1.45,1,1
-1.445,1,1
-1.44,1,1
-1.435,1,1
-1.43,1,1
-1.425,1,1
-1.42,1,1
-1.415,1,1
-1.41,1,1
-1.405,1,1
-1.4,1,1
-1.395,1,1
-1.39,1,1
-1.385,1,1
-1.38,1,1
-1.375,1,1
-1.37,1,1
-1.365,1,1
-1.36,1,1
-1.355,1,1
-1.35,1,1
-1.345,1,1
-1.34,1,1
-1.335,1,1
-1.33,1,1
-1.325,1,1
-1.32,1,1
-1.315,1,1
-1.31,1,1
-1.305,1,1
-1.3,1,1
-1.295,1,1
-1.29,1,1
-1.285,1,1
-1.28,1,1
-1.275,1,1
-1.27,1,1
-1.265,1,1
-1.26,1,1
-1.255,1,1
-1.25,1,1
-1.245,1,1
-1.24,1,1
-1.235,1,1
-1.23,1,1
-1.225,1,1
-1.22,1,1
-1.215,1,1
-1.21,1,1
-1.205,1,1
-1.2,1,1
-1.195,1,1
-1.19,1,1
-1.185,1,1
-1.18,1,1
-1.175,1,1
-1.17,1,1
-1.165,1,1
-1.16,1,1
-1.155,1,1
-1.15,1,1
-1.145,1,1
-1.14,1,1
-1.135,1,1
-1.13,1,1
-1.125,1,1
-1.12,1,1
-1.115,1,1
-1.11,1,1
-1.105,1,1
-1.1,1,1
-1.095,1,1
-1.09,1,1
-1.085,1,1
-1.08,1,1
-1.075,1,1
-1.07,1,1
-1.065,1,1
-1.06,1,1
-1.055,1,1
-1.05,1,1
-1.045,1,1
-1.04,1,1
-1.035,1,1
-1.03,1,1
-1.025,1,1
-1.02,1,1
-1.015,1,1
-1.01,1,1
-1.005,1,1
-1,1,1
-0.995,1,1
-0.99,1,1
-0.985,1,1
-0.98,1,1
-0.975,1,1
-0.97,1,1
-0.965,1,1
-0.96,1,1
-0.955,1,1
-0.95,1,1
-0.945,1,1
-0.9399999999999999,1,1
-0.9350000000000001,1,1
-0.93,1,1
-0.925,1,1
-0.92,1,1
-0.915,1,1
-0.91,1,1
-0.905,1,1
-0.9,1,1
-0.895,1,1
-0.89,1,1
-0.885,1,1
-0.88,1,1
-0.875,1,1
-0.87,1,1
-0.865,1,1
-0.86,1,1
-0.855,1,1
-0.85,1,1
-0.845,1,1
-0.84,1,1
-0.835,1,1
-0.83,1,1
-0.825,1,1
-0.82,1,1
-0.8149999999999999,1,1
-0.8100000000000001,1,1
-0.805,1,1
-0.8,1,1
-0.795,1,1
-0.79,1,1
-0.785,1,1
-0.78,1,1
-0.775,1,1
-0.77,1,1
-0.765,1,1
-0.76,1,1
-0.755,1,1
-0.75,1,1
-0.745,1,1
-0.74,1,1
-0.735,1,1
-0.73,1,1
-0.725,1,1
-0.72,1,1
-0.715,1,1
-0.71,1,1
-0.705,1,1
-0.7,1,1
-0.695,1,1
-0.6899999999999999,1,1
-0.6850000000000001,1,1
-0.68,1,1
-0.675,1,1
-0.67,1,1
-0.665,1,1
-0.66,1,1
-0.655,1,1
-0.65,1,1
-0.645,1,1
-0.64,1,1
-0.635,1,1
-0.63,1,1
-0.625,1,1
-0.62,1,1
-0.615,1,1
-0.61,1,1
-0.605,1,1
-0.6,1,1
-0.595,1,1
-0.59,1,1
-0.585,1,1
-0.58,1,1
-0.575,1,1
-0.57,1,1
-0.5649999999999999,1,1
-0.5600000000000001,1,1
-0.555,1,1
-0.55,1,1
-0.545,1,1
-0.54,1,1
-0.535,1,1
-0.53,1,1
-0.525,1,1
-0.52,1,1
-0.515,1,1
-0.51,1,1
-0.505,1,1
-0.5,1,1
-0.495,1,1
-0.49,1,1
-0.485,1,1
-0.48,1,1
-0.475,1,1
-0.47,1,1
-0.465,1,1
-0.46,1,1
-0.455,1,1
-0.45,1,1
-0.445,1,1
-0.44,1,1
-0.435,1,1
-0.43,1,1
-0.425,1,1
-0.42,1,1
-0.415,1,1
-0.41,1,1
-0.405,1,1
-0.4,1,0
-0.395,1,0
-0.39,1,0
-0.385,1,0
-0.38,1,0
-0.375,1,0
-0.37,1,0
-0.365,1,0
-0.36,1,0
-0.355,1,0
-0.35,1,0
-0.345,1,0
-0.34,1,0
-0.335,1,0
-0.33,1,0
-0.325,1,0
-0.32,1,0
-0.315,1,0
-0.31,1,0
-0.305,1,0
-0.3,1,0
-0.295,1,0
-0.29,1,0
-0.285,1,0
-0.28,1,0
-0.275,1,0
-0.27,1,0
-0.265,1,0
-0.26,1,0
-0.255,1,0
-0.25,1,0
-0.245,1,0
-0.24,1,0
-0.235,1,0
-0.23,1,0
-0.225,1,0
-0.22,1,0
-0.215,1,0
-0.21,1,0
-0.205,1,0
-0.2,1,0
-0.195,1,0
-0.19,1,0
-0.185,1,0
-0.18,1,0
-0.175,1,0
-0.17,1,0
-0.165,1,0
-0.16,1,0
-0.155,1,0
-0.15,1,0
-0.145,1,0
-0.14,1,0
-0.135,1,0
-0.13,1,0
-0.125,1,0
-0.12,1,0
-0.115,1,0
-0.11,1,0
-0.105,1,0
-0.1,1,0
-0.095,1,0
-0.09,1,0
-0.08500000000000001,1,0
-0.08,1,0
-0.075,1,0
-0.07000000000000001,1,0
-0.065,1,0
-0.06,1,0
-0.055,1,0
-0.05,1,0
-0.045,1,0
-0.04,1,0
-0.035,1,0
-0.03,1,0
-0.025,1,0
-0.02,1,0
-0.015,1,0
-0.01,1,0
-0.005,1,0
0,1,0
0.005,1,0
0.01,1,0
0.015,1,0
0.02,1,0
0.025,1,0
0.03,1,0
0.035,1,0
0.04,1,0
0.045,1,0
0.05,1,0
0.055,1,0
0.06,1,0
0.065,1,0
0.07000000000000001,1,0
0.075,1,0
0.08,1,0
0.08500000000000001,1,0
0.09,1,0
0.095,1,0
0.1,1,0
0.105,1,0
0.11,1,0
0.115,1,0
0.12,1,0
0.125,1,0
0.13,1,0
0.135,1,0
0.14,1,0
0.145,1,0
0.15,1,0
0.155,1,0
0.16,1,0
0.165,1,0
0.17,1,0
0.175,1,0
0.18,1,0
0.185,1,0
0.19,1,0
0.195,1,0
0.2,1,0
0.205,1,0
0.21,1,0
0.215,1,0
0.22,1,0
0.225,1,0
0.23,1,0
0.235,1,0
0.24,1,0
0.245,1,0
0.25,1,0
0.255,1,0
0.26,1,0
0.265,1,0
0.27,1,0
0.275,1,0
0.28,1,0
0.285,1,0
0.29,1,0
0.295,1,0
0.3,1,0
0.305,1,0
0.31,1,0
0.315,1,0
0.32,1,0
0.325,1,0
0.33,1,0
0.335,1,0
0.34,1,0
0.345,1,0
0.35,1,0
0.355,1,0
0.36,1,0
0.365,1,0
0.37,1,0
0.375,1,0
0.38,1,0
0.385,1,0
0.39,1,0
0.395,1,0
0.4,1,0
0.405,1,0
0.41,1,0
0.415,1,0
0.42,1,0
0.425,1,0
0.43,1,0
0.435,1,0
0.44,1,0
0.445,1,0
0.45,1,0
0.455,1,0
0.46,1,0
0.465,1,0
0.47,1,0
0.475,1,0
0.48,1,0
0.485,1,0
0.49,1,0
0.495,1,0
0.5,1,0
0.505,1,0
0.51,1,0
0.515,1,0
0.52,1,0
0.525,1,0
0.53,1,0
0.535,1,0
0.54,1,0
0.545,1,0
0.55,1,0
0.555,1,0
0.5600000000000001,1,0
0.5649999999999999,1,0
0.57,1,0
0.575,1,0
0.58,1,0
0.585,1,0
0.59,1,0
0.595,1,0
0.6,1,0
0.605,1,0
0.61,1,0
0.615,1,0
0.62,1,0
0.625,1,0
0.63,1,0
0.635,1,0
0.64,1,0
0.645,1,0
0.65,1,0
0.655,1,0
0.66,1,0
0.665,1,0
0.67,1,0
0.675,1,0
0.68,1,0
0.6850000000000001,1,0
0.6899999999999999,1,0
0.695,1,0
0.7,1,0
0.705,1,0
0.71,1,0
0.715,1,0
0.72,1,0
0.725,1,0
0.73,1,0
0.735,1,0
0.74,1,0
0.745,1,0
0.75,1,0
0.755,1,0
0.76,1,0
0.765,1,0
0.77,1,0
0.775,1,0
0.78,1,0
0.785,1,0
0.79,1,0
0.795,1,0
0.8,1,0
0.805,1,0
0.8100000000000001,1,0
0.8149999999999999,1,0
0.82,1,0
0.825,1,0
0.83,1,0
0.835,1,0
0.84,1,0
0.845,1,0
0.85,1,0
0.855,1,0
0.86,1,0
0.865,1,0
0.87,1,0
0.875,1,0
0.88,1,0
0.885,1,0
0.89,1,0
0.895,1,0
0.9,1,0
0.905,1,0
0.91,1,0
0.915,1,0
0.92,1,0
0.925,1,0
0.93,1,0
0.9350000000000001,1,1
0.9399999999999999,1,1
0.945,1,1
0.95,1,1
0.955,1,1
0.96,1,1
0.965,1,1
0.97,1,1
0.975,1,1
0.98,1,1
0.985,1,1
0.99,1,1
0.995,1,1
1,1,1
1.005,1,1
1.01,1,1
1.015,1,1
1.02,1,1
1.025,1,1
1.03,1,1
1.035,1,1
1.04,1,1
1.045,1,1
1.05,1,1
1.055,1,1
1.06,1,1
1.065,1,1
1.07,1,1
1.075,1,1
1.08,1,1
1.085,1,1
1.09,1,1
1.095,1,1
1.1,1,1
1.105,1,1
1.11,1,1
1.115,1,1
1.12,1,1
1.125,1,1
1.13,1,1
1.135,1,1
1.14,1,1
1.145,1,1
1.15,1,1
1.155,1,1
1.16,1,1
1.165,1,1
1.17,1,1
1.175,1,1
1.18,1,1
1.185,1,1
1.19,1,1
1.195,1,1
1.2,1,1
1.205,1,1
1.21,1,1
1.215,1,1
1.22,1,1
1.225,1,1
1.23,1,1
1.235,1,1
1.24,1,1
1.245,1,1
1.25,1,1
1.255,1,1
1.26,1,1
1.265,1,1
1.27,1,1
1.275,1,1
1.28,1,1
1.285,1,1
1.29,1,1
1.295,1,1
1.3,1,1
1.305,1,1
1.31,1,1
1.315,1,1
1.32,1,1
1.325,1,1
1.33,1,1
1.335,1,1
1.34,1,1
1.345,1,1
1.35,1,1
1.355,1,1
1.36,1,1
1.365,1,1
1.37,1,1
1.375,1,1
1.38,1,1
1.385,1,0
1.39,1,0
1.395,1,0
1.4,1,0
1.405,1,0
1.41,1,0
1.415,1,0
1.42,1,0
1.425,1,0
1.43,1,0
1.435,1,0
1.44,1,0
1.445,1,0
1.45,1,0
1.455,1,0
1.46,1,0
1.465,1,0
1.47,1,0
1.475,1,0
1.48,1,0
1.485,1,0
1.49,1,0
1.495,1,0
1.5,1,0
1.505,1,0
1.51,1,0
1.515,1,0
1.52,1,0
1.525,1,0
1.53,1,0
1.535,1,0
1.54,1,0
1.545,1,0
1.55,1,0
1.555,1,0
1.56,1,0
1.565,1,0
1.57,1,0
1.575,1,0
1.58,1,0
1.585,1,0
1.59,1,0
1.595,1,0
1.6,1,0
1.605,1,0
1.61,1,0
1.615,1,0
1.62,1,0
1.625,1,0
1.63,1,0
1.635,1,0
1.64,1,0
1.645,1,0
1.65,1,0
1.655,1,0
1.66,1,0
1.665,1,0
1.67,1,0
1.675,1,0
1.68,1,0
1.685,1,0
1.69,1,0
1.695,1,0
1.7,1,0
1.705,1,0
1.71,1,0
1.715,1,0
1.72,1,0
1.725,1,0
1.73,1,0
1.735,1,0
1.74,1,0
1.745,1,0
1.75,1,0
1.755,1,0
1.76,1,0
1.765,1,0
1.77,1,0
1.775,1,0
1.78,1,0
1.785,1,0
1.79,1,0
1.795,1,0
1.8,1,0
1.805,1,0
1.81,1,0
1.815,1,0
1.82,1,1
1.825,1,1
1.83,1,1
1.835,1,1
1.84,1,1
1.845,1,1
1.85,1,1
1.855,1,1
1.86,1,1
1.865,1,1
1.87,1,1
1.875,1,1
1.88,1,1
1.885,1,1
1.89,1,1
1.895,1,1
1.9,1,1
1.905,1,1
1.91,1,1
1.915,1,1
1.92,1,1
1.925,1,1
1.93,1,1
1.935,1,1
1.94,1,1
1.945,1,1
1.95,1,1
1.955,1,1
1.96,1,1
1.965,1,1
1.97,1,1
1.975,1,1
1.98,1,1
1.985,1,1
1.99,1,1
1.995,1,1
2,1,1
2.005,1,1
2.01,1,1
2.015,1,1
2.02,1,1
2.025,1,1
2.03,1,1
2.035,1,1
2.04,1,1
2.045,1,1
2.05,1,1
2.055,1,1
2.06,1,1
2.065,1,1
2.07,1,1
2.075,1,1
2.08,1,1
2.085,1,1
2.09,1,1
2.095,1,1
2.1,1,1
2.105,1,1
2.11,1,1
2.115,1,1
2.12,1,1
2.125,1,1
2.13,1,1
2.135,1,1
2.14,1,1
2.145,1,1
2.15,1,1
2.155,1,1
2.16,1,1
2.165,1,1
2.17,1,1
2.175,1,1
2.18,1,1
2.185,1,1
2.19,1,1
2.195,1,1
2.2,1,1
2.205,1,1
2.21,1,1
2.215,1,1
2.22,1,1
2.225,1,1
2.23,1,1
2.235,1,1
2.24,1,1
2.245,1,1
2.25,1,1
2.255,1,1
2.26,1,1
2.265,1,1
2.27,1,1
2.275,1,1
2.28,1,1
2.285,1,1
2.29,1,1
2.295,1,1
2.3,1,1
2.305,1,1
2.31,1,1
2.315,1,1
2.32,1,1
2.325,1,1
2.33,1,1
2.335,1,1
2.34,1,1
2.345,1,1
2.35,1,1
2.355,1,1
2.36,1,1
2.365,1,1
2.37,1,1
2.375,1,1
2.38,1,1
2.385,1,1
2.39,1,1
2.395,1,1
2.4,1,1
2.405,1,1
2.41,1,1
2.415,1,1
2.42,1,1
2.425,1,1
2.43,1,1
2.435,1,1
2.44,1,1
2.445,1,1
2.45,1,1
2.455,1,1
2.46,1,1
2.465,1,1
2.47,1,1
2.475,1,1
2.48,1,1
2.485,1,1
2.49,1,1
2.495,1,1
2.5,1,1
2.505,1,1
2.51,1,1
2.515,1,1
2.52,1,1
2.525,1,1
2.53,1,1
2.535,1,1
2.54,1,1
2.545,1,1
2.55,1,1
2.555,1,1
2.56,1,1
2.565,1,1
2.57,1,1
2.575,1,1
2.58,1,1
2.585,1,1
2.59,1,1
2.595,1,1
2.6,1,1
2.605,1,1
2.61,1,1
2.615,1,1
2.62,1,1
2.625,1,1
2.63,1,1
2.635,1,1
2.64,1,1
2.645,1,1
2.65,1,1
2.655,1,1
2.66,1,1
2.665,1,1
2.67,1,1
2.675,1,1
2.68,1,1
2.685,1,1
2.69,1,1
2.695,1,1
2.7,1,1
2.705,1,1
2.71,1,1
2.715,1,1
2.72,1,1
2.725,1,1
2.73,1,1
2.735,1,1
2.74,1,1
2.745,1,1
2.75,1,1
2.755,1,1
2.76,1,1
2.765,1,1
2.77,1,1
2.775,1,1
2.78,1,1
2.785,1,1
2.79,1,1
2.795,1,1
2.8,1,1
2.805,1,1
2.81,1,1
2.815,1,1
2.82,1,1
2.825,1,1
2.83,1,1
2.835,1,1
2.84,1,1
2.845,1,1
2.85,1,1
2.855,1,1
2.86,1,1
2.865,1,1
2.87,1,1
2.875,1,1
2.88,1,1
2.885,1,1
2.89,1,1
2.895,1,1
2.9,1,1
2.905,1,1
2.91,1,1
2.915,1,1
2.92,1,1
2.925,1,1
2.93,1,1
2.935,1,1
2.94,1,1
2.945,1,1
2.95,1,1
2.955,1,1
2.96,1,1
2.965,1,1
2.97,1,1
2.975,1,1
2.98,1,1
2.985,1,1
2.99,1,1
2.995,1,1
3,1,1
3.005,1,1
3.01,1,1
3.015,1,1
3.02,1,1
3.025,1,1
3.03,1,1
3.035,1,1
3.04,1,1
3.045,1,1
3.05,1,1
3.055,1,1
3.06,1,1
3.065,1,1
3.07,1,1
3.075,1,1
3.08,1,1
3.085,1,1
3.09,1,1
3.095,1,1
3.1,1,1
3.105,1,1
3.11,1,1
3.115,1,1
3.12,1,1
3.125,1,1
3.13,1,1
3.135,1,1
3.14,1,1
3.145,1,1
3.15,1,1
3.155,1,0
3.16,1,0
3.165,1,0
3.17,1,0
3.175,1,0
3.18,1,0
3.185,1,0
3.19,1,0
3.195,1,0
3.2,1,0
3.205,1,0
3.21,1,0
3.215,1,0
3.22,1,0
3.225,1,0
3.23,1,0
3.235,1,0
3.24,1,0
3.245,1,0
3.25,1,0
3.255,1,0
3.26,1,0
3.265,1,0
3.27,1,0
3.275,1,0
3.28,1,0
3.285,1,0
3.29,1,0
3.295,1,0
3.3,1,0
3.305,1,0
3.31,1,0
3.315,1,0
3.32,1,0
3.325,1,0
3.33,1,0
3.335,1,0
3.34,1,0
3.345,1,0
3.35,1,0
3.355,1,0
3.36,1,0
3.365,1,0
3.37,1,0
3.375,1,0
3.38,1,0
3.385,1,0
3.39,1,0
3.395,1,0
3.4,1,0
3.405,1,0
3.41,1,0
3.415,1,0
3.42,1,0
3.425,1,0
3.43,1,0
3.435,1,0
3.44,1,0
3.445,1,0
3.45,1,0
3.455,1,0
3.46,1,0
3.465,1,0
3.47,1,0
3.475,1,0
3.48,1,0
3.485,1,0
3.49,1,0
3.495,1,0
3.5,1,0
3.505,1,0
3.51,1,0
3.515,1,0
3.52,1,0
3.525,1,0
3.53,1,0
3.535,1,0
3.54,1,0
3.545,1,0
3.55,1,0
3.555,1,0
3.56,1,0
3.565,1,0
3.57,1,0
3.575,1,0
3.58,1,0
3.585,1,0
3.59,1,0
3.595,1,0
3.6,1,0
3.605,1,0
3.61,1,0
3.615,1,0
3.62,1,0
3.625,1,0
3.63,1,0
3.635,1,0
3.64,1,0
3.645,1,0
3.65,1,0
3.655,1,0
3.66,1,0
3.665,1,0
3.67,1,0
3.675,1,0
3.68,1,0
3.685,1,0
3.69,1,0
3.695,1,0
3.7,1,0
3.705,1,0
3.71,1,0
3.715,1,0
3.72,1,0
3.725,1,0
3.73,1,0
3.735,1,0
3.74,1,0
3.745,1,0
3.75,1,0
3.755,1,0
3.76,1,0
3.765,1,0
3.77,1,0
3.775,1,0
3.78,1,0
3.785,1,0
3.79,1,0
3.795,1,0
3.8,1,0
3.805,1,0
3.81,1,0
3.815,1,0
3.82,1,0
3.825,1,0
3.83,1,0
3.835,1,0
3.84,1,0
3.845,1,0
3.85,1,0
3.855,1,0
3.86,1,0
3.865,1,0
3.87,1,0
3.875,1,0
3.88,1,0
3.885,1,0
3.89,1,0
3.895,1,0
3.9,1,0
3.905,1,0
3.91,1,0
3.915,1,0
3.92,1,0
3.925,1,0
3.93,1,0
3.935,1,0
3.94,1,0
3.945,1,0
3.95,1,0
3.955,1,0
3.96,1,0
3.965,1,0
3.97,1,0
3.975,1,0
3.98,1,0
3.985,1,0
3.99,1,0
3.995,1,0
4,1,0
4.005,1,0
4.01,1,0
4.015,1,0
4.02,1,0
4.025,1,0
4.03,1,0
4.035,1,0
4.04,1,0
4.045,1,0
4.05,1,0
4.055,1,0
4.06,1,0
4.065,1,0
4.07,1,0
4.075,1,0
4.08,1,0
4.085,1,0
4.09,1,0
4.095,1,0
4.1,1,0
4.105,1,0
4.11,1,0
4.115,1,0
4.12,1,0
4.125,1,0
4.13,1,0
4.135,1,0
4.14,1,0
4.145,1,0
4.15,1,0
4.155,1,0
4.16,1,0
4.165,1,0
4.17,1,0
4.175,1,0
4.18,1,0
4.185,1,0
4.19,1,0
4.195,1,0
4.2,1,0
4.205,1,0
4.21,1,0
4.215,1,0
4.22,1,0
4.225,1,0
4.23,1,0
4.235,1,0
4.24,1,0
4.245,1,0
4.25,1,0
4.255,1,0
4.26,1,0
4.265,1,0
4.27,1,0
4.275,1,0
4.28,1,0
4.285,1,0
4.29,1,0
4.295,1,0
4.3,1,0
4.305,1,0
4.31,1,0
4.315,1,0
4.32,1,0
4.325,1,0
4.33,1,0
4.335,1,0
4.34,1,0
4.345,1,0
4.35,1,0
4.355,1,0
4.36,1,0
4.365,1,0
4.37,1,0
4.375,1,0
4.38,1,0
4.385,1,0
4.39,1,0
4.395,1,0
4.4,1,0
4.405,1,0
4.41,1,0
4.415,1,0
4.42,1,0
4.425,1,0
4.43,1,0
4.435,1,0
4.44,1,0
4.445,1,0
4.45,1,0
4.455,1,0
4.46,1,0
4.465,1,0
4.47,1,0
4.475,1,0
4.48,1,0
4.485,1,0
4.49,1,1
4.495,1,1
4.5,1,1
4.505,1,1
4.51,1,1
4.515,1,1
4.52,1,1
4.525,1,1
4.53,1,1
4.535,1,1
4.54,1,1
4.545,1,1
4.55,1,1
4.555,1,1
4.56,1,1
4.565,1,1
4.57,1,1
4.575,1,1
4.58,1,1
4.585,1,1
4.59,1,1
4.595,1,1
4.6,1,1
4.605,1,1
4.61,1,1
4.615,1,1
4.62,1,1
4.625,1,1
4.63,1,1
4.635,1,1
4.64,1,1
4.645,1,1
4.65,1,1
4.655,1,1
4.66,1,1
4.665,1,1
4.67,1,1
4.675,1,1
4.68,1,1
4.685,1,1
4.69,1,1
4.695,1,1
4.7,1,1
4.705,1,1
4.71,1,1
4.715,1,1
4.72,1,1
4.725,1,1
4.73,1,1
4.735,1,1
4.74,1,1
4.745,1,1
4.75,1,1
4.755,1,1
4.76,1,1
4.765,1,1
4.77,1,1
4.775,1,1
4.78,1,1
4.785,1,1
4.79,1,1
4.795,1,1
4.8,1,1
4.805,1,1
4.81,1,1
4.815,1,1
4.82,1,1
4.825,1,1
4.83,1,1
4.835,1,1
4.84,1,1
4.845,1,1
4.85,1,1
4.855,1,1
4.86,1,1
4.865,1,1
4.87,1,1
4.875,1,1
4.88,1,1
4.885,1,1
4.89,1,1
4.895,1,1
4.9,1,1
4.905,1,1
4.91,1,1
4.915,1,1
4.92,1,1
4.925,1,1
4.93,1,1
4.935,1,1
4.94,1,0
4.945,1,0
4.95,1,0
4.955,1,0
4.96,1,0
4.965,1,0
4.97,1,0
4.975,1,0
4.98,1,0
4.985,1,0
4.99,1,0
4.995,1,0
5,1,0
5.005,1,0
5.01,1,0
5.015,1,0
5.02,1,0
5.025,1,0
5.03,1,0
5.035,1,0
5.04,1,0
5.045,1,0
5.05,1,0
5.055,1,0
5.06,1,0
5.065,1,0
5.07,1,0
5.075,1,0
5.08,1,0
5.085,1,0
5.09,1,0
5.095,1,0
5.1,1,0
5.105,1,0
5.11,1,0
5.115,1,0
5.12,1,0
5.125,1,0
5.13,1,0
5.135,1,0
5.14,1,0
5.145,1,0
5.15,1,0
5.155,1,0
5.16,1,0
5.165,1,0
5.17,1,0
5.175,1,0
5.18,1,0
5.185,1,0
5.19,1,0
5.195,1,0
5.2,1,0
5.205,1,0
5.21,1,0
5.215,1,0
5.22,1,0
5.225,1,0
5.23,1,0
5.235,1,0
5.24,1,0
5.245,1,0
5.25,1,0
5.255,1,0
5.26,1,0
5.265,1,0
5.27,1,0
5.275,1,0
5.28,1,0
5.285,1,0
5.29,1,0
5.295,1,0
5.3,1,0
5.305,1,0
5.31,1,0
5.315,1,0
5.32,1,0
5.325,1,0
5.33,1,0
5.335,1,0
5.34,1,0
5.345,1,0
5.35,1,0
5.355,1,0
5.36,1,0
5.365,1,0
5.37,1,0
5.375,1,1
5.38,1,1
5.385,1,1
5.39,1,1
5.395,1,1
5.4,1,1
5.405,1,1
5.41,1,1
5.415,1,1
5.42,1,1
5.425,1,1
5.43,1,1
5.435,1,1
5.44,1,1
5.445,1,1
5.45,1,1
5.455,1,1
5.46,1,1
5.465,1,1
5.47,1,1
5.475,1,1
5.48,1,1
5.485,1,1
5.49,1,1
5.495,1,1
5.5,1,1
5.505,1,1
5.51,1,1
5.515,1,1
5.52,1,1
5.525,1,1
5.53,1,1
5.535,1,1
5.54,1,1
5.545,1,1
5.55,1,1
5.555,1,1
5.56,1,1
5.565,1,1
5.57,1,1
5.575,1,1
5.58,1,1
5.585,1,1
5.59,1,1
5.595,1,1
5.6,1,1
5.605,1,1
5.61,1,1
5.615,1,1
5.62,1,1
5.625,1,1
5.63,1,1
5.635,1,1
5.64,1,1
5.645,1,1
5.65,1,1
5.655,1,1
5.66,1,1
5.665,1,1
5.67,1,1
5.675,1,1
5.68,1,1
5.685,1,1
5.69,1,1
5.695,1,1
5.7,1,1
5.705,1,1
5.71,1,1
5.715,1,1
5.72,1,1
5.725,1,1
5.73,1,1
5.735,1,1
5.74,1,1
5.745,1,1
5.75,1,1
5.755,1,1
5.76,1,1
5.765,1,1
5.77,1,1
5.775,1,1
5.78,1,1
5.785,1,1
5.79,1,1
5.795,1,1
5.8,1,1
5.805,1,1
5.81,1,1
5.815,1,1
5.82,1,1
5.825,1,1
5.83,1,1
5.835,1,1
5.84,1,1
5.845,1,1
5.85,1,1
5.855,1,1
5.86,1,1
5.865,1,1
5.87,1,1
5.875,1,1
5.88,1,1
5.885,1,1
5.89,1,1
5.895,1,1
5.9,1,1
5.905,1,1
5.91,1,1
5.915,1,1
5.92,1,1
5.925,1,1
5.93,1,1
5.935,1,1
5.94,1,1
5.945,1,1
5.95,1,1
5.955,1,1
5.96,1,1
5.965,1,1
5.97,1,1
5.975,1,1
5.98,1,1
5.985,1,1
5.99,1,1
5.995,1,1
6,1,1
6.005,1,1
6.01,1,1
6.015,1,1
6.02,1,1
6.025,1,1
6.03,1,1
6.035,1,1
6.04,1,1
6.045,1,1
6.05,1,1
6.055,1,1
6.06,1,1
6.065,1,1
6.07,1,1
6.075,1,1
6.08,1,1
6.085,1,1
6.09,1,1
6.095,1,1
6.1,1,1
6.105,1,1
6.11,1,1
6.115,1,1
6.12,1,1
6.125,1,1
6.13,1,1
6.135,1,1
6.14,1,1
6.145,1,1
6.15,1,1
6.155,1,1
6.16,1,1
6.165,1,1
6.17,1,1
6.175,1,1
6.18,1,1
6.185,1,1
6.19,1,1
6.195,1,1
6.2,1,1
6.205,1,1
6.21,1,1
6.215,1,1
6.22,1,1
6.225,1,1
6.23,1,1
6.235,1,1
6.24,1,1
6.245,1,1
6.25,1,1
6.255,1,1
6.26,1,1
6.265,1,1
6.27,1,1
6.275,1,1
6.28,1,1
6.285,1,1
6.29,1,1
6.295,1,1
6.3,1,1
6.305,1,1
6.31,1,1
6.315,1,1
6.32,1,1
6.325,1,1
6.33,1,1
6.335,1,1
6.34,1,1
6.345,1,1
6.35,1,1
6.355,1,1
6.36,1,1
6.365,1,1
6.37,1,1
6.375,1,1
6.38,1,1
6.385,1,1
6.39,1,1
6.395,1,1
6.4,1,1
6.405,1,1
6.41,1,1
6.415,1,1
6.42,1,1
6.425,1,1
6.43,1,1
6.435,1,1
6.44,1,1
6.445,1,1
6.45,1,1
6.455,1,1
6.46,1,1
6.465,1,1
6.47,1,1
6.475,1,1
6.48,1,1
6.485,1,1
6.49,1,1
6.495,1,1
6.5,1,1
6.505,1,1
6.51,1,1
6.515,1,1
6.52,1,1
6.525,1,1
6.53,1,1
6.535,1,1
6.54,1,1
6.545,1,1
6.55,1,1
6.555,1,1
6.56,1,1
6.565,1,1
6.57,1,1
6.575,1,1
6.58,1,1
6.585,1,1
6.59,1,1
6.595,1,1
6.6,1,1
6.605,1,1
6.61,1,1
6.615,1,1
6.62,1,1
6.625,1,1
6.63,1,1
6.635,1,1
6.64,1,1
6.645,1,1
6.65,1,1
6.655,1,1
6.66,1,1
6.665,1,1
6.67,1,1
6.675,1,1
6.68,1,1
6.685,1,1
6.69,1,1
6.695,1,1
6.7,1,1
6.705,1,1
6.71,1,0
6.715,1,0
6.72,1,0
6.725,1,0
6.73,1,0
6.735,1,0
6.74,1,0
6.745,1,0
6.75,1,0
6.755,1,0
6.76,1,0
6.765,1,0
6.77,1,0
6.775,1,0
6.78,1,0
6.785,1,0
6.79,1,0
6.795,1,0
6.8,1,0
6.805,1,0
6.81,1,0
6.815,1,0
6.82,1,0
6.825,1,0
6.83,1,0
6.835,1,0
6.84,1,0
6.845,1,0
6.85,1,0
6.855,1,0
6.86,1,0
6.865,1,0
6.87,1,0
6.875,1,0
6.88,1,0
6.885,1,0
6.89,1,0
6.895,1,0
6.9,1,0
6.905,1,0
6.91,1,0
6.915,1,0
6.92,1,0
6.925,1,0
6.93,1,0
6.935,1,0
6.94,1,0
6.945,1,0
6.95,1,0
6.955,1,0
6.96,1,0
6.965,1,0
6.97,1,0
6.975,1,0
6.98,1,0
6.985,1,0
6.99,1,0
6.995,1,0
7,1,0
7.005,1,0
7.01,1,0
7.015,1,0
7.02,1,0
7.025,1,0
7.03,1,0
7.035,1,0
7.04,1,0
7.045,1,0
7.05,1,0
7.055,1,0
7.06,1,0
7.065,1,0
7.07,1,0
7.075,1,0
7.08,1,0
7.085,1,0
7.09,1,0
7.095,1,0
7.1,1,0
7.105,1,0
7.11,1,0
7.115,1,0
7.12,1,0
7.125,1,0
7.13,1,0
7.135,1,0
7.14,1,0
7.145,1,0
7.15,1,0
7.155,1,0
7.16,1,0
7.165,1,0
7.17,1,0
7.175,1,0
7.18,1,0
7.185,1,0
7.19,1,0
7.195,1,0
7.2,1,0
7.205,1,0
7.21,1,0
7.215,1,0
7.22,1,0
7.225,1,0
7.23,1,0
7.235,1,0
7.24,1,0
7.245,1,0
7.25,1,0
7.255,1,0
7.26,1,0
7.265,1,0
7.27,1,0
7.275,1,0
7.28,1,0
7.285,1,0
7.29,1,0
7.295,1,0
7.3,1,0
7.305,1,0
7.31,1,0
7.315,1,0
7.32,1,0
7.325,1,0
7.33,1,0
7.335,1,0
7.34,1,0
7.345,1,0
7.35,1,0
7.355,1,0
7.36,1,0
7.365,1,0
7.37,1,0
7.375,1,0
7.38,1,0
7.385,1,0
7.39,1,0
7.395,1,0
7.4,1,0
7.405,1,0
7.41,1,0
7.415,1,0
7.42,1,0
7.425,1,0
7.43,1,0
7.435,1,0
7.44,1,0
7.445,1,0
7.45,1,0
7.455,1,0
7.46,1,0
7.465,1,0
7.47,1,0
7.475,1,0
7.48,1,0
7.485,1,0
7.49,1,0
7.495,1,0
7.5,1,0
7.505,1,0
7.51,1,0
7.515,1,0
7.52,1,0
7.525,1,0
7.53,1,0
7.535,1,0
7.54,1,0
7.545,1,0
7.55,1,0
7.555,1,0
7.56,1,0
7.565,1,0
7.57,1,0
7.575,1,0
7.58,1,0
7.585,1,0
7.59,1,0
7.595,1,0
7.6,1,0
7.605,1,0
7.61,1,0
7.615,1,0
7.62,1,0
7.625,1,0
7.63,1,0
7.635,1,0
7.64,1,0
7.645,1,0
7.65,1,0
7.655,1,0
7.66,1,0
7.665,1,0
7.67,1,0
7.675,1,0
7.68,1,0
7.685,1,0
7.69,1,0
7.695,1,0
7.7,1,0
7.705,1,0
7.71,1,0
7.715,1,0
7.72,1,0
7.725,1,0
7.73,1,0
7.735,1,0
7.74,1,0
7.745,1,0
7.75,1,0
7.755,1,0
7.76,1,0
7.765,1,0
7.77,1,0
7.775,1,0
7.78,1,0
7.785,1,0
7.79,1,0
7.795,1,0
7.8,1,0
7.805,1,0
7.81,1,0
7.815,1,0
7.82,1,0
7.825,1,0
7.83,1,0
7.835,1,0
7.84,1,0
7.845,1,0
7.85,1,0
7.855,1,0
7.86,1,0
7.865,1,0
7.87,1,0
7.875,1,0
7.88,1,0
7.885,1,0
7.89,1,0
7.895,1,0
7.9,1,0
7.905,1,0
7.91,1,0
7.915,1,0
7.92,1,0
7.925,1,0
7.93,1,0
7.935,1,0
7.94,1,0
7.945,1,0
7.95,1,0
7.955,1,0
7.96,1,0
7.965,1,0
7.97,1,0
7.975,1,0
7.98,1,0
7.985,1,0
7.99,1,0
7.995,1,0
8,1,0
8.005000000000001,1,0
8.01,1,0
8.015000000000001,1,0
8.02,1,0
8.025,1,0
8.029999999999999,1,0
8.035,1,0
8.039999999999999,1,0
8.045,1,1
8.050000000000001,1,1
8.055,1,1
8.06,1,1
8.065,1,1
8.07,1,1
8.074999999999999,1,1
8.08,1,1
8.085000000000001,1,1
8.09,1,1
8.095000000000001,1,1
8.1,1,1
8.105,1,1
8.109999999999999,1,1
8.115,1,1
8.119999999999999,1,1
8.125,1,1
8.130000000000001,1,1
8.135,1,1
8.140000000000001,1,1
8.145,1,1
8.15,1,1
8.154999999999999,1,1
8.16,1,1
8.164999999999999,1,1
8.17,1,1
8.175000000000001,1,1
8.18,1,1
8.185,1,1
8.19,1,1
8.195,1,1
8.199999999999999,1,1
8.205,1,1
8.210000000000001,1,1
8.215,1,1
8.220000000000001,1,1
8.225,1,1
8.23,1,1
8.234999999999999,1,1
8.24,1,1
8.244999999999999,1,1
8.25,1,1
8.255000000000001,1,1
8.26,1,1
8.265000000000001,1,1
8.27,1,1
8.275,1,1
8.279999999999999,1,1
8.285,1,1
8.289999999999999,1,1
8.295,1,1
8.300000000000001,1,1
8.305,1,1
8.31,1,1
8.315,1,1
8.32,1,1
8.324999999999999,1,1
8.33,1,1
8.335000000000001,1,1
8.34,1,1
8.345000000000001,1,1
8.35,1,1
8.355,1,1
8.359999999999999,1,1
8.365,1,1
8.369999999999999,1,1
8.375,1,1
8.380000000000001,1,1
8.385,1,1
8.390000000000001,1,1
8.395,1,1
8.4,1,1
8.404999999999999,1,1
8.41,1,1
8.414999999999999,1,1
8.42,1,1
8.425000000000001,1,1
8.43,1,1
8.435,1,1
8.44,1,1
8.445,1,1
8.449999999999999,1,1
8.455,1,1
8.460000000000001,1,1
8.465,1,1
8.470000000000001,1,1
8.475,1,1
8.48,1,1
8.484999999999999,1,1
8.49,1,1
8.494999999999999,1,0
8.5,1,0
8.505000000000001,1,0
8.51,1,0
8.515000000000001,1,0
8.52,1,0
8.525,1,0
8.529999999999999,1,0
8.535,1,0
8.539999999999999,1,0
8.545,1,0
8.550000000000001,1,0
8.555,1,0
8.56,1,0
8.565,1,0
8.57,1,0
8.574999999999999,1,0
8.58,1,0
8.585000000000001,1,0
8.59,1,0
8.595000000000001,1,0
8.6,1,0
8.605,1,0
8.609999999999999,1,0
8.615,1,0
8.619999999999999,1,0
8.625,1,0
8.630000000000001,1,0
8.635,1,0
8.640000000000001,1,0
8.645,1,0
8.65,1,0
8.654999999999999,1,0
8.66,1,0
8.664999999999999,1,0
8.67,1,0
8.675000000000001,1,0
8.68,1,0
8.685,1,0
8.69,1,0
8.695,1,0
8.699999999999999,1,0
8.705,1,0
8.710000000000001,1,0
8.715,1,0
8.720000000000001,1,0
8.725,1,0
8.73,1,0
8.734999999999999,1,0
8.74,1,0
8.744999999999999,1,0
8.75,1,0
8.755000000000001,1,0
8.76,1,0
8.765000000000001,1,0
8.77,1,0
8.775,1,0
8.779999999999999,1,0
8.785,1,0
8.789999999999999,1,0
8.795,1,0
8.800000000000001,1,0
8.805,1,0
8.81,1,0
8.815,1,0
8.82,1,0
8.824999999999999,1,0
8.83,1,0
8.835000000000001,1,0
8.84,1,0
8.845000000000001,1,0
8.85,1,0
8.855,1,0
8.859999999999999,1,0
8.865,1,0
8.869999999999999,1,0
8.875,1,0
8.880000000000001,1,0
8.885,1,0
8.890000000000001,1,0
8.895,1,0
8.9,1,0
8.904999999999999,1,0
8.91,1,0
8.914999999999999,1,0
8.92,1,0
8.925000000000001,1,0
8.93,1,0
8.935,1,1
8.94,1,1
8.945,1,1
8.949999999999999,1,1
8.955,1,1
8.960000000000001,1,1
8.965,1,1
8.970000000000001,1,1
8.975,1,1
8.98,1,1
8.984999999999999,1,1
8.99,1,1
8.994999999999999,1,1
9,1,1
9.005000000000001,1,1
9.01,1,1
9.015000000000001,1,1
9.02,1,1
9.025,1,1
9.029999999999999,1,1
9.035,1,1
9.039999999999999,1,1
9.045,1,1
9.050000000000001,1,1
9.055,1,1
9.06,1,1
9.065,1,1
9.07,1,1
9.074999999999999,1,1
9.08,1,1
9.085000000000001,1,1
9.09,1,1
9.095000000000001,1,1
9.1,1,1
9.105,1,1
9.109999999999999,1,1
9.115,1,1
9.119999999999999,1,1
9.125,1,1
9.130000000000001,1,1
9.135,1,1
9.140000000000001,1,1
9.145,1,1
9.15,1,1
9.154999999999999,1,1
9.16,1,1
9.164999999999999,1,1
9.17,1,1
9.175000000000001,1,1
9.18,1,1
9.185,1,1
9.19,1,1
9.195,1,1
9.199999999999999,1,1
9.205,1,1
9.210000000000001,1,1
9.215,1,1
9.220000000000001,1,1
9.225,1,1
9.23,1,1
9.234999999999999,1,1
9.24,1,1
9.244999999999999,1,1
9.25,1,1
9.255000000000001,1,1
9.26,1,1
9.265000000000001,1,1
9.27,1,1
9.275,1,1
9.279999999999999,1,1
9.285,1,1
9.289999999999999,1,1
9.295,1,1
9.300000000000001,1,1
9.305,1,1
9.31,1,1
9.315,1,1
9.32,1,1
9.324999999999999,1,1
9.33,1,1
9.335000000000001,1,1
9.34,1,1
9.345000000000001,1,1
9.35,1,1
9.355,1,1
9.359999999999999,1,1
9.365,1,1
9.369999999999999,1,1
9.375,1,1
9.380000000000001,1,1
9.385,1,1
9.390000000000001,1,1
9.395,1,1
9.4,1,1
9.404999999999999,1,1
9.41,1,1
9.414999999999999,1,1
9.42,1,1
9.425000000000001,1,1
9.43,1,1
9.435,1,1
9.44,1,1
9.445,1,1
9.449999999999999,1,1
9.455,1,1
9.460000000000001,1,1
9.465,1,1
9.470000000000001,1,1
9.475,1,1
9.48,1,1
9.484999999999999,1,1
9.49,1,1
9.494999999999999,1,1
9.5,1,1
9.505000000000001,1,1
9.51,1,1
9.515000000000001,1,1
9.52,1,1
9.525,1,1
9.529999999999999,1,1
9.535,1,1
9.539999999999999,1,1
9.545,1,1
9.550000000000001,1,1
9.555,1,1
9.56,1,1
9.565,1,1
9.57,1,1
9.574999999999999,1,1
9.58,1,1
9.585000000000001,1,1
9.59,1,1
9.595000000000001,1,1
9.6,1,1
9.605,1,1
9.609999999999999,1,1
9.615,1,1
9.619999999999999,1,1
9.625,1,1
9.630000000000001,1,1
9.635,1,1
9.640000000000001,1,1
9.645,1,1
9.65,1,1
9.654999999999999,1,1
9.66,1,1
9.664999999999999,1,1
9.67,1,1
9.675000000000001,1,1
9.68,1,1
9.685,1,1
9.69,1,1
9.695,1,1
9.699999999999999,1,1
9.705,1,1
9.710000000000001,1,1
9.715,1,1
9.720000000000001,1,1
9.725,1,1
9.73,1,1
9.734999999999999,1,1
9.74,1,1
9.744999999999999,1,1
9.75,1,1
9.755000000000001,1,1
9.76,1,1
9.765000000000001,1,1
9.77,1,1
9.775,1,1
9.779999999999999,1,1
9.785,1,1
9.789999999999999,1,1
9.795,1,1
9.800000000000001,1,1
9.805,1,1
9.81,1,1
9.815,1,1
9.82,1,1
9.824999999999999,1,1
9.83,1,1
9.835000000000001,1,1
9.84,1,1
9.845000000000001,1,1
9.85,1,1
9.855,1,1
9.859999999999999,1,1
9.865,1,1
9.869999999999999,1,1
9.875,1,1
9.880000000000001,1,1
9.885,1,1
9.890000000000001,1,1
9.895,1,1
9.9,1,1
9.904999999999999,1,1
9.91,1,1
9.914999999999999,1,1
9.92,1,1
9.925000000000001,1,1
9.93,1,1
9.935,1,1
9.94,1,1
9.945,1,1
9.949999999999999,1,1
9.955,1,1
9.960000000000001,1,1
9.965,1,1
9.970000000000001,1,1
9.975,1,1
9.98,1,1
9.984999999999999,1,1
9.99,1,1
9.994999999999999,1,1
10,1,1
10.005,1,1
10.01,1,1
10.015,1,1
10.02,1,1
10.025,1,1
10.03,1,1
10.035,1,1
10.04,1,1
10.045,1,1
10.05,1,1
10.055,1,1
10.06,1,1
10.065,1,1
10.07,1,1
10.075,1,1
10.08,1,1
10.085,1,1
10.09,1,1
10.095,1,1
10.1,1,1
10.105,1,1
10.11,1,1
10.115,1,1
10.12,1,1
10.125,1,1
10.13,1,1
10.135,1,1
10.14,1,1
10.145,1,1
10.15,1,1
10.155,1,1
10.16,1,1
10.165,1,1
10.17,1,1
10.175,1,1
10.18,1,1
10.185,1,1
10.19,1,1
10.195,1,1
10.2,1,1
10.205,1,1
10.21,1,1
10.215,1,1
10.22,1,1
10.225,1,1
10.23,1,1
10.235,1,1
10.24,1,1
